<?xml version="1.0" encoding="UTF-8"?><rss version="2.0"
	xmlns:content="http://purl.org/rss/1.0/modules/content/"
	xmlns:wfw="http://wellformedweb.org/CommentAPI/"
	xmlns:dc="http://purl.org/dc/elements/1.1/"
	xmlns:atom="http://www.w3.org/2005/Atom"
	xmlns:sy="http://purl.org/rss/1.0/modules/syndication/"
	xmlns:slash="http://purl.org/rss/1.0/modules/slash/"
	>

<channel>
	<title>T-shirt &#8211; woocommerce3</title>
	<atom:link href="http://localhost/woocommerce3/tag-prodotto/t-shirt/feed/?simply_static_page=161" rel="self" type="application/rss+xml" />
	<link></link>
	<description></description>
	<lastBuildDate>Wed, 22 Mar 2023 16:52:23 +0000</lastBuildDate>
	<language>it-IT</language>
	<sy:updatePeriod>
	hourly	</sy:updatePeriod>
	<sy:updateFrequency>
	1	</sy:updateFrequency>
	<generator>https://wordpress.org/?v=6.1.1</generator>
	<item>
		<title>COLLUSION &#8211; T-shirt</title>
		<link>/prodotto/collusion-t-shirt/</link>
					<comments>/prodotto/collusion-t-shirt/#respond</comments>
		
		<dc:creator><![CDATA[samuele]]></dc:creator>
		<pubDate>Wed, 22 Mar 2023 16:51:51 +0000</pubDate>
				<guid isPermaLink="false">/?post_type=product#038;p=50</guid>

					<description><![CDATA[T-Shirt Collusion]]></description>
										<content:encoded><![CDATA[<ul>
<li>In esclusiva per ASOS</li>
<li>Design tinta unita</li>
<li>Girocollo</li>
<li>Maniche corte</li>
<li>Regular fit</li>
</ul>
<p class="Jk9Oz">Codice prodotto: 117369719</p>
]]></content:encoded>
					
					<wfw:commentRss>/prodotto/collusion-t-shirt/feed/</wfw:commentRss>
			<slash:comments>0</slash:comments>
		
		
			</item>
	</channel>
</rss>
