<?xml version="1.0" encoding="UTF-8"?><rss version="2.0"
	xmlns:content="http://purl.org/rss/1.0/modules/content/"
	xmlns:wfw="http://wellformedweb.org/CommentAPI/"
	xmlns:dc="http://purl.org/dc/elements/1.1/"
	xmlns:atom="http://www.w3.org/2005/Atom"
	xmlns:sy="http://purl.org/rss/1.0/modules/syndication/"
	xmlns:slash="http://purl.org/rss/1.0/modules/slash/"
	>

<channel>
	<title>Prodotti &#8211; woocommerce3</title>
	<atom:link href="http://localhost/woocommerce3/negozio/feed/?simply_static_page=57" rel="self" type="application/rss+xml" />
	<link></link>
	<description></description>
	<lastBuildDate>Wed, 22 Mar 2023 16:52:23 +0000</lastBuildDate>
	<language>it-IT</language>
	<sy:updatePeriod>
	hourly	</sy:updatePeriod>
	<sy:updateFrequency>
	1	</sy:updateFrequency>
	<generator>https://wordpress.org/?v=6.1.1</generator>
	<item>
		<title>COLLUSION &#8211; T-shirt</title>
		<link>/prodotto/collusion-t-shirt/</link>
					<comments>/prodotto/collusion-t-shirt/#respond</comments>
		
		<dc:creator><![CDATA[samuele]]></dc:creator>
		<pubDate>Wed, 22 Mar 2023 16:51:51 +0000</pubDate>
				<guid isPermaLink="false">/?post_type=product#038;p=50</guid>

					<description><![CDATA[T-Shirt Collusion]]></description>
										<content:encoded><![CDATA[<ul>
<li>In esclusiva per ASOS</li>
<li>Design tinta unita</li>
<li>Girocollo</li>
<li>Maniche corte</li>
<li>Regular fit</li>
</ul>
<p class="Jk9Oz">Codice prodotto: 117369719</p>
]]></content:encoded>
					
					<wfw:commentRss>/prodotto/collusion-t-shirt/feed/</wfw:commentRss>
			<slash:comments>0</slash:comments>
		
		
			</item>
		<item>
		<title>ASOS DESIGN &#8211; Vestito corto in raso avorio a pieghe con scollo profondo stile corsetto e bottoni</title>
		<link>/prodotto/asos-design-vestito-corto-in-raso-avorio-a-pieghe-con-scollo-profondo-stile-corsetto-e-bottoni/</link>
					<comments>/prodotto/asos-design-vestito-corto-in-raso-avorio-a-pieghe-con-scollo-profondo-stile-corsetto-e-bottoni/#respond</comments>
		
		<dc:creator><![CDATA[samuele]]></dc:creator>
		<pubDate>Wed, 22 Mar 2023 16:29:28 +0000</pubDate>
				<guid isPermaLink="false">/?post_type=product#038;p=45</guid>

					<description><![CDATA[Vestito Corto Donna]]></description>
										<content:encoded><![CDATA[<ul>
<li>Questo vestito è ideale per una serata importante</li>
<li>Scollo profondo</li>
<li>Vita stile corsetto</li>
<li>Chiusura con cerniera lampo sul retro</li>
<li>Regular fit</li>
</ul>
<p class="Jk9Oz">Codice prodotto: 124828440</p>
]]></content:encoded>
					
					<wfw:commentRss>/prodotto/asos-design-vestito-corto-in-raso-avorio-a-pieghe-con-scollo-profondo-stile-corsetto-e-bottoni/feed/</wfw:commentRss>
			<slash:comments>0</slash:comments>
		
		
			</item>
		<item>
		<title>ASOS DESIGN &#8211; Giacca bomber oversize effetto lana stile college rossa</title>
		<link>/prodotto/asos-design-giacca-bomber-oversize-effetto-lana-stile-college-rossa/</link>
					<comments>/prodotto/asos-design-giacca-bomber-oversize-effetto-lana-stile-college-rossa/#respond</comments>
		
		<dc:creator><![CDATA[samuele]]></dc:creator>
		<pubDate>Wed, 22 Mar 2023 16:26:46 +0000</pubDate>
				<guid isPermaLink="false">/?post_type=product#038;p=43</guid>

					<description><![CDATA[Giacca Vintage]]></description>
										<content:encoded><![CDATA[<ul>
<li>Aggiornamento giacca: fatto</li>
<li>Colletto ampio</li>
<li>Chiusura con bottoni a pressione</li>
<li>Dettagli con logo</li>
<li>Scritte laterali</li>
<li>Vestibilità oversize</li>
</ul>
<p class="Jk9Oz">Codice prodotto: 126893573</p>
]]></content:encoded>
					
					<wfw:commentRss>/prodotto/asos-design-giacca-bomber-oversize-effetto-lana-stile-college-rossa/feed/</wfw:commentRss>
			<slash:comments>0</slash:comments>
		
		
			</item>
		<item>
		<title>ASOS DESIGN &#8211; Pantaloni parachute oversize a palloncino neri</title>
		<link>/prodotto/hoodie-with-logo-2/</link>
					<comments>/prodotto/hoodie-with-logo-2/#respond</comments>
		
		<dc:creator><![CDATA[samuele]]></dc:creator>
		<pubDate>Wed, 22 Mar 2023 16:21:54 +0000</pubDate>
				<guid isPermaLink="false">/prodotto/hoodie-with-logo-2/</guid>

					<description><![CDATA[Pantaloni Cargo neri]]></description>
										<content:encoded><![CDATA[<ul>
<li>Dai una rinfrescata al tuo stile</li>
<li>Vita regular</li>
<li>Regolabile in vita</li>
<li>Tasche laterali</li>
<li>Vestibilità oversize</li>
</ul>
<p class="Jk9Oz">Codice prodotto: 125750654</p>
<p>Hoodie in sweatshirt fabric made from a cotton blend.</p>
]]></content:encoded>
					
					<wfw:commentRss>/prodotto/hoodie-with-logo-2/feed/</wfw:commentRss>
			<slash:comments>0</slash:comments>
		
		
			</item>
	</channel>
</rss>
