<?xml version="1.0" encoding="UTF-8"?><rss version="2.0"
	xmlns:content="http://purl.org/rss/1.0/modules/content/"
	xmlns:wfw="http://wellformedweb.org/CommentAPI/"
	xmlns:dc="http://purl.org/dc/elements/1.1/"
	xmlns:atom="http://www.w3.org/2005/Atom"
	xmlns:sy="http://purl.org/rss/1.0/modules/syndication/"
	xmlns:slash="http://purl.org/rss/1.0/modules/slash/"
	>

<channel>
	<title>vestitino &#8211; woocommerce3</title>
	<atom:link href="http://localhost/woocommerce3/tag-prodotto/vestitino/feed/?simply_static_page=154" rel="self" type="application/rss+xml" />
	<link></link>
	<description></description>
	<lastBuildDate>Wed, 22 Mar 2023 16:29:28 +0000</lastBuildDate>
	<language>it-IT</language>
	<sy:updatePeriod>
	hourly	</sy:updatePeriod>
	<sy:updateFrequency>
	1	</sy:updateFrequency>
	<generator>https://wordpress.org/?v=6.1.1</generator>
	<item>
		<title>ASOS DESIGN &#8211; Vestito corto in raso avorio a pieghe con scollo profondo stile corsetto e bottoni</title>
		<link>/prodotto/asos-design-vestito-corto-in-raso-avorio-a-pieghe-con-scollo-profondo-stile-corsetto-e-bottoni/</link>
					<comments>/prodotto/asos-design-vestito-corto-in-raso-avorio-a-pieghe-con-scollo-profondo-stile-corsetto-e-bottoni/#respond</comments>
		
		<dc:creator><![CDATA[samuele]]></dc:creator>
		<pubDate>Wed, 22 Mar 2023 16:29:28 +0000</pubDate>
				<guid isPermaLink="false">/?post_type=product#038;p=45</guid>

					<description><![CDATA[Vestito Corto Donna]]></description>
										<content:encoded><![CDATA[<ul>
<li>Questo vestito è ideale per una serata importante</li>
<li>Scollo profondo</li>
<li>Vita stile corsetto</li>
<li>Chiusura con cerniera lampo sul retro</li>
<li>Regular fit</li>
</ul>
<p class="Jk9Oz">Codice prodotto: 124828440</p>
]]></content:encoded>
					
					<wfw:commentRss>/prodotto/asos-design-vestito-corto-in-raso-avorio-a-pieghe-con-scollo-profondo-stile-corsetto-e-bottoni/feed/</wfw:commentRss>
			<slash:comments>0</slash:comments>
		
		
			</item>
	</channel>
</rss>
