<?xml version="1.0" encoding="UTF-8"?><rss version="2.0"
	xmlns:content="http://purl.org/rss/1.0/modules/content/"
	xmlns:dc="http://purl.org/dc/elements/1.1/"
	xmlns:atom="http://www.w3.org/2005/Atom"
	xmlns:sy="http://purl.org/rss/1.0/modules/syndication/"
	
	>
<channel>
	<title>
	Commenti a: ASOS DESIGN &#8211; Giacca bomber oversize effetto lana stile college rossa	</title>
	<atom:link href="http://localhost/woocommerce3/prodotto/asos-design-giacca-bomber-oversize-effetto-lana-stile-college-rossa/feed/?simply_static_page=84" rel="self" type="application/rss+xml" />
	<link>/prodotto/asos-design-giacca-bomber-oversize-effetto-lana-stile-college-rossa/</link>
	<description></description>
	<lastBuildDate>Wed, 22 Mar 2023 16:26:46 +0000</lastBuildDate>
	<sy:updatePeriod>
	hourly	</sy:updatePeriod>
	<sy:updateFrequency>
	1	</sy:updateFrequency>
	<generator>https://wordpress.org/?v=6.1.1</generator>
</channel>
</rss>
